value,params
760.2578735351562,"{'n_layers': 2, 'n_h_0': 37, 'n_h_1': 46, 'lr': 0.03992904831420372, 'n_epochs': 28038, 'act_function': 0, 'dropout': 0.7170577259130637}"
