value,params
832.3084716796875,"{'n_layers': 2, 'n_h_0': 24, 'n_h_1': 23, 'lr': 0.03472878310625439, 'n_epochs': 12445, 'act_function': 0, 'dropout': 0.7968783968890242}"
