value,params
872.7688598632812,"{'n_layers': 1, 'n_h_0': 45, 'lr': 0.2559193383236063, 'n_epochs': 58826, 'act_function': 0, 'dropout': 0.045023153138429875}"
