value,params
869.7608032226562,"{'n_layers': 2, 'n_h_0': 25, 'n_h_1': 70, 'lr': 0.0065996011510886, 'n_epochs': 75122}"
