value,params
894.4140014648438,"{'n_layers': 1, 'n_h_0': 55, 'lr': 0.4052954218938756, 'n_epochs': 9100}"
